match_id,started_at,demo_url
1-4a67a46c-4c9e-4e47-8efb-02f9084ebd0b,1536052113,https://s3.amazonaws.com/faceit-puppeteer/prod/csgo/27f9604c-76cd-419f-aa1e-03731ca5afcc/27f9604c-76cd-419f-aa1e-03731ca5afcc.dem.gz
1-c43b77af-4bc1-416e-b4fc-e14fa3097e78,1536048792,https://s3.amazonaws.com/faceit-puppeteer/prod/csgo/2c8b7ff9-7b86-4389-973a-480cddbb4b9f/2c8b7ff9-7b86-4389-973a-480cddbb4b9f.dem.gz
1-fac1236b-b197-4433-9fb2-047ad9c3c414,1536046428,https://s3.amazonaws.com/faceit-puppeteer/prod/csgo/2c12d563-78e1-41bc-8952-0660b18eea18/2c12d563-78e1-41bc-8952-0660b18eea18.dem.gz
1-5e5c1e59-308b-4f8c-8d65-7fa55be22473,1536044452,https://s3.amazonaws.com/faceit-puppeteer/prod/csgo/1e53dee3-63a0-4ef7-befe-b98e7c0a6014/1e53dee3-63a0-4ef7-befe-b98e7c0a6014.dem.gz
1-32486933-b99f-4c09-9fef-4407557e5872,1536042423,https://s3.amazonaws.com/faceit-puppeteer/prod/csgo/ce649103-22a7-46ac-9c74-1150423f5472/ce649103-22a7-46ac-9c74-1150423f5472.dem.gz
1-8c04f4dc-05a4-46a6-8ea5-59ebfeddcaa6,1536041479,https://s3.amazonaws.com/faceit-puppeteer/prod/csgo/951047d2-49d7-46df-bedf-677e4176eda4/951047d2-49d7-46df-bedf-677e4176eda4.dem.gz
1-7438a727-fc0c-4256-9513-a02f0cec300c,1536040529,https://s3.amazonaws.com/faceit-puppeteer/prod/csgo/99af1c62-165d-4cd5-90ce-a779f10216ae/99af1c62-165d-4cd5-90ce-a779f10216ae.dem.gz
1-a11b3a0d-6a17-4595-a062-83d6bdec2e02,1536037967,https://s3.amazonaws.com/faceit-puppeteer/prod/csgo/40aa9ebe-0539-4e01-b5d4-0bf2705da100/40aa9ebe-0539-4e01-b5d4-0bf2705da100.dem.gz
1-1113a560-3b92-4e06-9b1a-5f96ac327e4d,1536035663,https://s3.amazonaws.com/faceit-puppeteer/prod/csgo/1a27cff0-a887-4f9d-b656-1776af3cf3c2/1a27cff0-a887-4f9d-b656-1776af3cf3c2.dem.gz
1-a9b900d0-6b44-444d-81b6-bc0331ed2b15,1536034628,https://s3.amazonaws.com/faceit-puppeteer/prod/csgo/a216f7d5-df24-433e-87fe-9db7f4e1058d/a216f7d5-df24-433e-87fe-9db7f4e1058d.dem.gz
1-1701b1d5-91cd-4ae6-89b6-0d66a2c4b321,1536032583,https://s3.amazonaws.com/faceit-puppeteer/prod/csgo/0c921c72-2595-43ef-bd0d-75667e4c576d/0c921c72-2595-43ef-bd0d-75667e4c576d.dem.gz
1-8d73871f-d4f2-4068-9967-96c090ddf970,1536029458,https://s3.amazonaws.com/faceit-puppeteer/prod/csgo/3b14faf7-db9e-44d9-aed4-d379e7e6714a/3b14faf7-db9e-44d9-aed4-d379e7e6714a.dem.gz
1-89339eca-08ec-4ec5-a2ac-6c6176868b73,1536027035,https://s3.amazonaws.com/faceit-puppeteer/prod/csgo/29f4390d-9593-4242-964f-fbde19b7f4e6/29f4390d-9593-4242-964f-fbde19b7f4e6.dem.gz
1-21e1bac0-faec-4914-9bf1-1c34b39f5591,1536024112,https://s3.amazonaws.com/faceit-puppeteer/prod/csgo/9f3805d4-3b45-49e7-b1e2-99ffb3525c26/9f3805d4-3b45-49e7-b1e2-99ffb3525c26.dem.gz
1-53687182-dd6d-4da5-83ee-05800630622d,1535965135,https://s3.amazonaws.com/faceit-puppeteer/prod/csgo/a6e8accc-edc1-4ff5-9f7e-1566130cbb61/a6e8accc-edc1-4ff5-9f7e-1566130cbb61.dem.gz
1-a23953c3-faa9-4702-9dfd-dafddd70bfc7,1535961920,https://s3.amazonaws.com/faceit-puppeteer/prod/csgo/699f20ef-2eb8-4445-8760-7a97fb25896a/699f20ef-2eb8-4445-8760-7a97fb25896a.dem.gz
1-937752c1-fd96-42b6-b84d-8fc240e36e49,1535958499,https://s3.amazonaws.com/faceit-puppeteer/prod/csgo/107de00a-403c-4dee-8911-5bf37e79fc06/107de00a-403c-4dee-8911-5bf37e79fc06.dem.gz
1-1ecfd9c2-97cb-4a0f-8817-36623c959593,1535955856,https://s3.amazonaws.com/faceit-puppeteer/prod/csgo/98534c08-58e6-4be8-9df0-969041bf3bfb/98534c08-58e6-4be8-9df0-969041bf3bfb.dem.gz
1-ef808dce-25ed-479e-8f0a-ef697392af2f,1535953309,https://s3.amazonaws.com/faceit-puppeteer/prod/csgo/2955e584-562f-4714-9a82-7dabc6017899/2955e584-562f-4714-9a82-7dabc6017899.dem.gz
1-57f69e40-b429-4264-9ba3-573778d72e64,1535951512,https://s3.amazonaws.com/faceit-puppeteer/prod/csgo/de1433c3-0ded-4c2e-b7c9-da4598dbaa5e/de1433c3-0ded-4c2e-b7c9-da4598dbaa5e.dem.gz
1-ade658de-f8d2-4d5b-bb93-203359159de2,1535949425,https://s3.amazonaws.com/faceit-puppeteer/prod/csgo/19dd6c8a-b5a4-481c-a733-6f877449f11a/19dd6c8a-b5a4-481c-a733-6f877449f11a.dem.gz
1-1f8797df-6747-4583-9462-a8d1260d4c8a,1535946790,https://s3.amazonaws.com/faceit-puppeteer/prod/csgo/4c5633b3-d001-43da-87ed-545119dfbc44/4c5633b3-d001-43da-87ed-545119dfbc44.dem.gz
1-ca5163d2-5c5f-4237-9df5-90dc90cbf21c,1535943490,https://s3.amazonaws.com/faceit-puppeteer/prod/csgo/fbe14e54-3ad3-460d-812f-869541004806/fbe14e54-3ad3-460d-812f-869541004806.dem.gz
1-035ff4f7-8844-4b7c-99c6-02516b297908,1535940523,https://s3.amazonaws.com/faceit-puppeteer/prod/csgo/968b426e-c9cd-46bf-8da8-e78de06796c6/968b426e-c9cd-46bf-8da8-e78de06796c6.dem.gz
1-5d025ebf-a415-431a-82fa-5aa831c38d89,1535880543,https://s3.amazonaws.com/faceit-puppeteer/prod/csgo/c034c948-9c5b-4c9d-93e5-936f3d1bdd13/c034c948-9c5b-4c9d-93e5-936f3d1bdd13.dem.gz
1-94700c13-dc44-4fd7-bd74-81d1e7ea5e2c,1535877628,https://s3.amazonaws.com/faceit-puppeteer/prod/csgo/67b6d98e-91ca-4277-a99b-cf5b7d441496/67b6d98e-91ca-4277-a99b-cf5b7d441496.dem.gz
1-8cc83381-6246-4636-b424-48aa826b3480,1535871873,https://s3.amazonaws.com/faceit-puppeteer/prod/csgo/13c9673c-9c85-4015-ae9b-64a53f55f768/13c9673c-9c85-4015-ae9b-64a53f55f768.dem.gz
1-35877682-7b72-4832-87f4-47da94718573,1535871358,https://s3.amazonaws.com/faceit-puppeteer/prod/csgo/66db55de-38da-4383-9b99-bdeadf75f6ba/66db55de-38da-4383-9b99-bdeadf75f6ba.dem.gz
1-3d5f5972-4716-4bf8-8af8-45d431cd3dde,1535869422,https://s3.amazonaws.com/faceit-puppeteer/prod/csgo/e947611c-4984-44ae-a6f6-050c5fc8cfc3/e947611c-4984-44ae-a6f6-050c5fc8cfc3.dem.gz
1-7899d90d-98e9-469a-9bbf-d9e9b1f6c04d,1535866342,https://s3.amazonaws.com/faceit-puppeteer/prod/csgo/9b5d04bb-e3a9-4a48-8e88-c68a8b2b219f/9b5d04bb-e3a9-4a48-8e88-c68a8b2b219f.dem.gz
1-2a2d40df-d684-46a2-92de-a3640a6a198b,1535863744,https://s3.amazonaws.com/faceit-puppeteer/prod/csgo/c2e72ae2-04ae-4fd3-9502-70c2f49eb786/c2e72ae2-04ae-4fd3-9502-70c2f49eb786.dem.gz
1-80a87e06-12dc-4ec3-b62f-b3e6dcf7d89f,1535860846,https://s3.amazonaws.com/faceit-puppeteer/prod/csgo/fc48d347-ea24-4b3a-baa3-3c77e08301ff/fc48d347-ea24-4b3a-baa3-3c77e08301ff.dem.gz
1-d1ebd117-f44c-4da3-a5b3-fb303933a8db,1535857879,https://s3.amazonaws.com/faceit-puppeteer/prod/csgo/918c6bb0-4fb8-44ae-a8b2-719979b98325/918c6bb0-4fb8-44ae-a8b2-719979b98325.dem.gz
1-e946fae7-4b3f-43a8-b593-92a9afbe0283,1535855139,https://s3.amazonaws.com/faceit-puppeteer/prod/csgo/4d0c1946-a518-48d6-b2cd-669c808a8a46/4d0c1946-a518-48d6-b2cd-669c808a8a46.dem.gz
1-4cff7396-e4a6-424f-8a55-3102336168e1,1535851274,https://s3.amazonaws.com/faceit-puppeteer/prod/csgo/294bea5d-540f-43d8-a32f-85c59358f9ed/294bea5d-540f-43d8-a32f-85c59358f9ed.dem.gz
1-7e86e225-51be-4ebb-b0e3-9664d0514f9b,1535848508,https://s3.amazonaws.com/faceit-puppeteer/prod/csgo/77f1c03c-1842-4ca8-b77c-2f2f5e557718/77f1c03c-1842-4ca8-b77c-2f2f5e557718.dem.gz
1-71533788-cf19-4687-b175-8351b26e9ebc,1535845120,https://s3.amazonaws.com/faceit-puppeteer/prod/csgo/cb0b3d8a-b953-4938-b330-0caace0ab5df/cb0b3d8a-b953-4938-b330-0caace0ab5df.dem.gz
1-0346d84a-d89f-408f-9ca9-d5a5b89b5bbb,1535842609,https://s3.amazonaws.com/faceit-puppeteer/prod/csgo/59766dcb-7367-495a-a5a1-e90f2030b350/59766dcb-7367-495a-a5a1-e90f2030b350.dem.gz
1-f65e815f-7545-4e1f-b3e5-df9998753666,1535797352,https://s3.amazonaws.com/faceit-puppeteer/prod/csgo/e3cf2cc3-7fa5-401a-8bee-29288a684ba1/e3cf2cc3-7fa5-401a-8bee-29288a684ba1.dem.gz
1-4d8def70-82c8-42d5-ab99-85a2bb0b865c,1535794836,https://s3.amazonaws.com/faceit-puppeteer/prod/csgo/5e4addca-7bd3-4fea-8a1f-b0c5a2e81ba3/5e4addca-7bd3-4fea-8a1f-b0c5a2e81ba3.dem.gz
1-b4c87bf4-fdec-454e-9c9b-7ee60171e4b1,1535791707,https://s3.amazonaws.com/faceit-puppeteer/prod/csgo/f46b5469-938a-4690-bcc5-41b7773a45a1/f46b5469-938a-4690-bcc5-41b7773a45a1.dem.gz
1-c2fce9d0-e8f7-4eb0-90f8-3489303bb305,1535788542,https://s3.amazonaws.com/faceit-puppeteer/prod/csgo/e0d2a5cf-15e4-4029-b7ba-cc1d38add3cd/e0d2a5cf-15e4-4029-b7ba-cc1d38add3cd.dem.gz
1-fc01af0b-ecc8-4eab-8296-2a7acdd4eacc,1535786005,https://s3.amazonaws.com/faceit-puppeteer/prod/csgo/a265cc61-497f-427e-bfb2-7ab5b6100c42/a265cc61-497f-427e-bfb2-7ab5b6100c42.dem.gz
1-ec04457c-bafa-49b1-af95-30d2d73e0505,1535783688,https://s3.amazonaws.com/faceit-puppeteer/prod/csgo/c85b650f-0d43-4e4d-a47f-e862a2b59dd7/c85b650f-0d43-4e4d-a47f-e862a2b59dd7.dem.gz
1-10889a7a-39b5-46a8-9ae9-a8fdf4fa9605,1535781469,https://s3.amazonaws.com/faceit-puppeteer/prod/csgo/feb0817b-4e93-423f-8d1b-c1f9eaa7a7a1/feb0817b-4e93-423f-8d1b-c1f9eaa7a7a1.dem.gz
1-105b1fca-0ea1-4d03-b7b9-569ae83c13e4,1535779132,https://s3.amazonaws.com/faceit-puppeteer/prod/csgo/827be69d-ca17-47f3-b23e-a83925607356/827be69d-ca17-47f3-b23e-a83925607356.dem.gz
1-9c97324f-7f02-4be4-b871-27b3e9061b47,1535776446,https://s3.amazonaws.com/faceit-puppeteer/prod/csgo/b6cf5cd1-f943-47d3-842f-efd8f9fb0145/b6cf5cd1-f943-47d3-842f-efd8f9fb0145.dem.gz
1-e959130c-a5f2-491d-a036-ebe7ed5d920d,1535776226,https://s3.amazonaws.com/faceit-puppeteer/prod/csgo/677fa837-d7da-4534-a98b-8210e6f0aff3/677fa837-d7da-4534-a98b-8210e6f0aff3.dem.gz
1-e1f54842-6d30-44a8-83d3-d6e26de9bb9b,1535773710,https://s3.amazonaws.com/faceit-puppeteer/prod/csgo/8e06962b-b219-474a-85c9-5897974adaba/8e06962b-b219-474a-85c9-5897974adaba.dem.gz
1-1680df1a-0214-4e47-9ef3-73d259ec784e,1535770592,https://s3.amazonaws.com/faceit-puppeteer/prod/csgo/61569999-59cb-4fed-aa73-406c4e0a08f4/61569999-59cb-4fed-aa73-406c4e0a08f4.dem.gz
1-d888c031-de33-46da-bc97-41215efcc6dc,1535768165,https://s3.amazonaws.com/faceit-puppeteer/prod/csgo/ae764b5b-7f0b-42b4-8267-37420a991746/ae764b5b-7f0b-42b4-8267-37420a991746.dem.gz
1-08b5c637-76fb-4e9b-8e6b-bdfdc0100f3f,1535765154,https://s3.amazonaws.com/faceit-puppeteer/prod/csgo/ba80ee73-da8d-4d8f-af3f-315c11f57996/ba80ee73-da8d-4d8f-af3f-315c11f57996.dem.gz
1-237e88c8-c422-4215-8c50-bee6a5899521,1535762668,https://s3.amazonaws.com/faceit-puppeteer/prod/csgo/29806576-7f6c-416f-b33d-395bcacf3af4/29806576-7f6c-416f-b33d-395bcacf3af4.dem.gz
1-d074cb3e-1c5f-4083-b0be-103637cbabdb,1535758829,https://s3.amazonaws.com/faceit-puppeteer/prod/csgo/64a8a99c-3578-49dd-91b9-eb3990e67707/64a8a99c-3578-49dd-91b9-eb3990e67707.dem.gz
1-fa57af75-a8f0-4964-97e8-5b442cbc932e,1535708039,https://s3.amazonaws.com/faceit-puppeteer/prod/csgo/42786f3a-dcdd-4ba1-b075-098e3a4b4a12/42786f3a-dcdd-4ba1-b075-098e3a4b4a12.dem.gz
1-eeeb6a9a-8e96-430a-9638-6644a4db30c5,1535704021,https://s3.amazonaws.com/faceit-puppeteer/prod/csgo/018d7680-6771-44d2-9221-154afd09d91d/018d7680-6771-44d2-9221-154afd09d91d.dem.gz
1-a744a4c7-e913-42ef-880a-4dd904100943,1535700916,https://s3.amazonaws.com/faceit-puppeteer/prod/csgo/302948bc-2ac6-403f-94f2-0916c1e03c57/302948bc-2ac6-403f-94f2-0916c1e03c57.dem.gz
1-77e6bf7b-4151-4497-a6f8-c174f4e4962c,1535697865,https://s3.amazonaws.com/faceit-puppeteer/prod/csgo/200e417c-7971-4dd6-9284-9c6a463ac896/200e417c-7971-4dd6-9284-9c6a463ac896.dem.gz
1-14f20c15-7ff4-429c-9f10-1aa213e6cbf0,1535694435,https://s3.amazonaws.com/faceit-puppeteer/prod/csgo/3d0da326-52d2-46fb-a12d-3656596e23e8/3d0da326-52d2-46fb-a12d-3656596e23e8.dem.gz
1-2d6e5bfd-8e66-42b1-ba64-22cfcbe3bd58,1535691037,https://s3.amazonaws.com/faceit-puppeteer/prod/csgo/fa5dd4bf-4f71-4d3d-8309-77ae39a3504e/fa5dd4bf-4f71-4d3d-8309-77ae39a3504e.dem.gz
1-6e97a4e3-e90b-4d9a-8d2f-b84ecdc4cb4a,1535690084,https://s3.amazonaws.com/faceit-puppeteer/prod/csgo/5e42723c-21a4-430f-8e62-d396dc406906/5e42723c-21a4-430f-8e62-d396dc406906.dem.gz
1-00e65c6e-a835-4b58-aaab-13d676580508,1535688203,https://s3.amazonaws.com/faceit-puppeteer/prod/csgo/f91de830-f47b-4d52-aee3-e7a4f3f62faf/f91de830-f47b-4d52-aee3-e7a4f3f62faf.dem.gz
1-2f827190-fa4a-4c9d-a5eb-4369fe8c76e1,1535687182,https://s3.amazonaws.com/faceit-puppeteer/prod/csgo/f75f689e-af48-4d0c-bf4e-4a85f67e2e83/f75f689e-af48-4d0c-bf4e-4a85f67e2e83.dem.gz
1-e3e44839-10da-4469-9c10-d696e3573860,1535684175,https://s3.amazonaws.com/faceit-puppeteer/prod/csgo/5248a79f-276d-4487-b068-09b50d9743aa/5248a79f-276d-4487-b068-09b50d9743aa.dem.gz
1-f22bd43b-d77a-4024-af2b-d2095d4d86ac,1535682305,https://s3.amazonaws.com/faceit-puppeteer/prod/csgo/2e96ea2f-5298-4db3-9db5-f6feb33c6457/2e96ea2f-5298-4db3-9db5-f6feb33c6457.dem.gz
1-f03679fd-1cc2-441c-a782-4aa9e238c014,1535679352,https://s3.amazonaws.com/faceit-puppeteer/prod/csgo/d0d3e735-2cb5-49b7-ae35-a28f291b60ba/d0d3e735-2cb5-49b7-ae35-a28f291b60ba.dem.gz
1-228df1b0-633f-4974-8436-a520dff3de11,1535622532,https://s3.amazonaws.com/faceit-puppeteer/prod/csgo/0d1d1f80-b68a-467d-99cf-9eeecda11c9e/0d1d1f80-b68a-467d-99cf-9eeecda11c9e.dem.gz
1-f1d85489-2187-4138-ac0c-cbd751654945,1535618802,https://s3.amazonaws.com/faceit-puppeteer/prod/csgo/f1c8167c-8b67-41cb-8f4a-b9e01644df44/f1c8167c-8b67-41cb-8f4a-b9e01644df44.dem.gz
1-54581569-3c31-4a1e-9026-96cf4f0ce3e1,1535616814,https://s3.amazonaws.com/faceit-puppeteer/prod/csgo/99a433b6-24f6-4336-966e-db715ce6ff84/99a433b6-24f6-4336-966e-db715ce6ff84.dem.gz
1-91e752a9-85c3-4eab-96b8-356fb79256a3,1535614535,https://s3.amazonaws.com/faceit-puppeteer/prod/csgo/75240937-51f5-4182-aee6-0d6f73a40f16/75240937-51f5-4182-aee6-0d6f73a40f16.dem.gz
1-f5b026f2-89de-4f95-8d35-de11e7c8ef9d,1535612416,https://s3.amazonaws.com/faceit-puppeteer/prod/csgo/947181a9-92dc-4a13-b3fe-f7290577ace4/947181a9-92dc-4a13-b3fe-f7290577ace4.dem.gz
1-3d07d0e9-436a-4466-b2a3-c66564bec8c0,1535611424,https://s3.amazonaws.com/faceit-puppeteer/prod/csgo/bf359342-3575-470f-8712-1a003c2bef68/bf359342-3575-470f-8712-1a003c2bef68.dem.gz
1-cc1d6a3e-ba37-43b7-84a0-ef6a120082a3,1535609554,https://s3.amazonaws.com/faceit-puppeteer/prod/csgo/44b8f28f-8987-4882-a5e1-6280e7a6ed8d/44b8f28f-8987-4882-a5e1-6280e7a6ed8d.dem.gz
1-d38f7f1f-aa99-4119-a1ab-3f565df28b88,1535608522,https://s3.amazonaws.com/faceit-puppeteer/prod/csgo/3a2e076b-f873-487c-828e-c635389546ae/3a2e076b-f873-487c-828e-c635389546ae.dem.gz
1-9d02ab48-25a7-4583-afcb-de5c74335f89,1535605851,https://s3.amazonaws.com/faceit-puppeteer/prod/csgo/19671c0b-8603-4275-92c5-34a6f33471ec/19671c0b-8603-4275-92c5-34a6f33471ec.dem.gz
1-11a5642c-8bbd-4c0b-8098-23cfdf4a711f,1535604085,https://s3.amazonaws.com/faceit-puppeteer/prod/csgo/b358af04-f46d-4002-a9c6-e90aa6352402/b358af04-f46d-4002-a9c6-e90aa6352402.dem.gz
1-cefddbc9-7dcc-4a31-aa58-27c71026758e,1535602331,https://s3.amazonaws.com/faceit-puppeteer/prod/csgo/3225d089-5668-44a8-81a4-a8802dcc8df5/3225d089-5668-44a8-81a4-a8802dcc8df5.dem.gz
1-5fbb74ee-b198-491e-99b6-ce05858bea62,1535598965,https://s3.amazonaws.com/faceit-puppeteer/prod/csgo/edb20bac-f813-4651-92fd-51ca0f99e331/edb20bac-f813-4651-92fd-51ca0f99e331.dem.gz
1-d3ea4a66-8485-4166-b10a-fb226aff55e2,1535596197,https://s3.amazonaws.com/faceit-puppeteer/prod/csgo/fb5b6aa9-d3df-4abd-8fec-6d3751c3988b/fb5b6aa9-d3df-4abd-8fec-6d3751c3988b.dem.gz
1-5209fba7-08fa-43c4-a2e2-6b05fbe3eb23,1535592358,https://s3.amazonaws.com/faceit-puppeteer/prod/csgo/30e25dc5-dcb5-489b-ba23-f3ee1aec4dd5/30e25dc5-dcb5-489b-ba23-f3ee1aec4dd5.dem.gz
1-2511fbdc-8bf3-4bad-972b-4e8b8d1d631d,1535589112,https://s3.amazonaws.com/faceit-puppeteer/prod/csgo/9f86bd3f-d8c2-4352-b6df-7609e90c5c56/9f86bd3f-d8c2-4352-b6df-7609e90c5c56.dem.gz
1-44cb2743-26d8-4a17-8128-220a5e1d3d76,1535536824,https://s3.amazonaws.com/faceit-puppeteer/prod/csgo/4606c241-f76d-404e-a6f2-d2b8eb3e34f8/4606c241-f76d-404e-a6f2-d2b8eb3e34f8.dem.gz
1-35356348-2b42-49b2-8f98-8847b70ddaa4,1535534187,https://s3.amazonaws.com/faceit-puppeteer/prod/csgo/504c7431-ab5c-4687-a645-2c476d31e022/504c7431-ab5c-4687-a645-2c476d31e022.dem.gz
1-8bcd852f-146e-451f-9299-bee3f485cb60,1535531646,https://s3.amazonaws.com/faceit-puppeteer/prod/csgo/ba6d993a-1e00-4e33-9079-32e379bc386d/ba6d993a-1e00-4e33-9079-32e379bc386d.dem.gz
1-b3e0de6c-6586-4b65-8a1d-215d87e08139,1535527687,https://s3.amazonaws.com/faceit-puppeteer/prod/csgo/73d538cc-5ce8-42aa-9d62-5b2eaf8edb4d/73d538cc-5ce8-42aa-9d62-5b2eaf8edb4d.dem.gz
1-8aea5ebf-5a81-4738-9b09-c40f1bb81a1e,1535525750,https://s3.amazonaws.com/faceit-puppeteer/prod/csgo/9ec0861c-43ec-423a-8e11-74b587cbcb92/9ec0861c-43ec-423a-8e11-74b587cbcb92.dem.gz
1-301e2630-7171-492e-b4ff-f2b4218bed20,1535524164,https://s3.amazonaws.com/faceit-puppeteer/prod/csgo/b49b0a42-1da7-4353-9d8f-7a27404869a2/b49b0a42-1da7-4353-9d8f-7a27404869a2.dem.gz
1-41cb2223-7d52-4672-9b95-6440971d8be2,1535522681,https://s3.amazonaws.com/faceit-puppeteer/prod/csgo/f10418f6-2aac-45eb-b8fb-b4b9527ad364/f10418f6-2aac-45eb-b8fb-b4b9527ad364.dem.gz
1-65cc1547-5a35-469b-83c4-9625ce249e6a,1535520264,https://s3.amazonaws.com/faceit-puppeteer/prod/csgo/b758d81b-2811-4e48-8cc5-85c856118a7b/b758d81b-2811-4e48-8cc5-85c856118a7b.dem.gz
1-dd7bec10-27b8-4ce2-af3d-29105a95fa50,1535518188,https://s3.amazonaws.com/faceit-puppeteer/prod/csgo/c278259c-bf30-4f2c-960f-e48328189a08/c278259c-bf30-4f2c-960f-e48328189a08.dem.gz
1-e10cada6-1590-4561-b0c2-caee063fe11d,1535515990,https://s3.amazonaws.com/faceit-puppeteer/prod/csgo/42c9cb2c-abdb-4c0a-a231-21fe47f7cf10/42c9cb2c-abdb-4c0a-a231-21fe47f7cf10.dem.gz
1-041b811a-a1ca-4be8-b39d-ed9091811303,1535512997,https://s3.amazonaws.com/faceit-puppeteer/prod/csgo/620f0a40-fae2-4a80-aac7-0a712db12e0b/620f0a40-fae2-4a80-aac7-0a712db12e0b.dem.gz
1-133f30d9-8282-4a90-a946-769e4c86e1a5,1535510121,https://s3.amazonaws.com/faceit-puppeteer/prod/csgo/16679cd5-7dbe-4e6f-ae26-82d357d1b819/16679cd5-7dbe-4e6f-ae26-82d357d1b819.dem.gz
1-8a1a9441-5e9a-42fe-ad06-b161fd314e03,1535450607,https://s3.amazonaws.com/faceit-puppeteer/prod/csgo/29bed7a5-2894-4c4d-87e0-c0480e5ee266/29bed7a5-2894-4c4d-87e0-c0480e5ee266.dem.gz
1-dac1e369-d7f1-45b6-94e1-24408ee54beb,1535447515,https://s3.amazonaws.com/faceit-puppeteer/prod/csgo/4be5b8a9-dd13-4639-aebc-1d661072855e/4be5b8a9-dd13-4639-aebc-1d661072855e.dem.gz
1-81a62c3d-2e11-4642-b045-1975f7de4ea7,1535443548,https://s3.amazonaws.com/faceit-puppeteer/prod/csgo/fa5f9bda-8a29-445e-83ca-94d95691605c/fa5f9bda-8a29-445e-83ca-94d95691605c.dem.gz
1-97ec275e-84d9-4cb7-b387-9bf6213fe2ac,1535441073,https://s3.amazonaws.com/faceit-puppeteer/prod/csgo/a78bbe0d-2d9b-492a-a2d1-32d56a2e7f97/a78bbe0d-2d9b-492a-a2d1-32d56a2e7f97.dem.gz
1-ad7b29d1-b0ad-4243-90eb-18fd3f340d3d,1535440150,https://s3.amazonaws.com/faceit-puppeteer/prod/csgo/4796db9d-6a18-4997-af0b-8603e49fc954/4796db9d-6a18-4997-af0b-8603e49fc954.dem.gz
1-eef5d0f3-2c79-417d-9c02-a8e6f8483a2e,1535437738,https://s3.amazonaws.com/faceit-puppeteer/prod/csgo/45c16b6b-4bf7-42d8-a32e-a79ccf8f1f60/45c16b6b-4bf7-42d8-a32e-a79ccf8f1f60.dem.gz
1-5693ebc3-4069-4c31-b994-7e8ca6d67349,1535434943,https://s3.amazonaws.com/faceit-puppeteer/prod/csgo/1c9a00ae-87c2-4946-bf6d-ad80fe72987f/1c9a00ae-87c2-4946-bf6d-ad80fe72987f.dem.gz
1-a6657573-7014-4d41-b0dd-2053773ee25b,1535434573,https://s3.amazonaws.com/faceit-puppeteer/prod/csgo/276df4d5-6c1c-4fd9-bdc0-c03d80160ce3/276df4d5-6c1c-4fd9-bdc0-c03d80160ce3.dem.gz
1-f5502576-2eca-42b6-8b48-9e8c3ae5f303,1535431293,https://s3.amazonaws.com/faceit-puppeteer/prod/csgo/b3ac6a45-fb38-41b6-b342-60c3f26fadd8/b3ac6a45-fb38-41b6-b342-60c3f26fadd8.dem.gz
1-514b64f9-cda0-486c-ace5-f0c41b18cd7f,1535428674,https://s3.amazonaws.com/faceit-puppeteer/prod/csgo/f6bda5cb-6374-4db7-b91c-34dad5919793/f6bda5cb-6374-4db7-b91c-34dad5919793.dem.gz
1-b3e79c4f-6ac1-41a7-9331-0890c066b09c,1535426520,https://s3.amazonaws.com/faceit-puppeteer/prod/csgo/4a113c0a-0b67-454d-b0a3-c1db05b90fd2/4a113c0a-0b67-454d-b0a3-c1db05b90fd2.dem.gz
1-a73d1b48-9126-47ad-ab34-a47b8873f7f0,1535354844,https://s3.amazonaws.com/faceit-puppeteer/prod/csgo/81647772-07b7-4d7a-bbcf-7456cf2fb29d/81647772-07b7-4d7a-bbcf-7456cf2fb29d.dem.gz
1-62ada9f3-48a4-4b80-848c-ecfff9d87e6e,1535351117,https://s3.amazonaws.com/faceit-puppeteer/prod/csgo/13c1b33e-4433-410a-a799-ff791d6d4f5c/13c1b33e-4433-410a-a799-ff791d6d4f5c.dem.gz
1-3eabdbfc-54df-4b6b-aac3-62082c9256ce,1535348110,https://s3.amazonaws.com/faceit-puppeteer/prod/csgo/a105d7e9-4bd9-4989-b0b0-857109bc2057/a105d7e9-4bd9-4989-b0b0-857109bc2057.dem.gz
1-c33d6561-86bb-4fcb-9236-be626b58eb95,1535345692,https://s3.amazonaws.com/faceit-puppeteer/prod/csgo/bed6757e-fbb0-4f6f-b287-544d54886850/bed6757e-fbb0-4f6f-b287-544d54886850.dem.gz
1-9ebb6b15-3942-41ff-a89e-be63f13b039a,1535343169,https://s3.amazonaws.com/faceit-puppeteer/prod/csgo/35a6ee53-7e78-4b98-999c-e5ea03317639/35a6ee53-7e78-4b98-999c-e5ea03317639.dem.gz
1-1f047b58-d08a-490c-8dc9-2b5c8bfd0f0b,1535340456,https://s3.amazonaws.com/faceit-puppeteer/prod/csgo/c2b39af5-941e-4d0a-a6bd-ad5cf5098efa/c2b39af5-941e-4d0a-a6bd-ad5cf5098efa.dem.gz
1-8cf0b4fc-ae01-4d15-b3df-05e8c942cd41,1535337605,https://s3.amazonaws.com/faceit-puppeteer/prod/csgo/70ad4ba2-8878-44fd-a2a7-3932f0c074c3/70ad4ba2-8878-44fd-a2a7-3932f0c074c3.dem.gz
1-9d85e56d-8853-40df-8303-8a60f615325f,1535335051,https://s3.amazonaws.com/faceit-puppeteer/prod/csgo/34ae9983-ac61-429a-b5c5-b961ea26fece/34ae9983-ac61-429a-b5c5-b961ea26fece.dem.gz
1-f62d8f26-dc8c-48c0-9e85-fc35f14fef4e,1535330618,https://s3.amazonaws.com/faceit-puppeteer/prod/csgo/11cc846f-b416-44d4-a7ee-c60e4257eb4e/11cc846f-b416-44d4-a7ee-c60e4257eb4e.dem.gz
1-b84ad033-6543-4b67-b905-368dcc2a968b,1535275736,https://s3.amazonaws.com/faceit-puppeteer/prod/csgo/130323ed-ff87-427c-9c3c-520549b1a153/130323ed-ff87-427c-9c3c-520549b1a153.dem.gz
1-5215f794-006c-41d7-b848-26e4ed28e4ce,1535273256,https://s3.amazonaws.com/faceit-puppeteer/prod/csgo/e0f6efd5-4447-4c3d-9fc2-607bc404a9e4/e0f6efd5-4447-4c3d-9fc2-607bc404a9e4.dem.gz
1-8e1ef890-0ea6-4a0a-8317-2ceb97167e3b,1535271240,https://s3.amazonaws.com/faceit-puppeteer/prod/csgo/f843adc5-1a17-47e7-98ab-3f39581a5f15/f843adc5-1a17-47e7-98ab-3f39581a5f15.dem.gz
1-d778514e-1566-44a7-8b23-c63b14794409,1535269244,https://s3.amazonaws.com/faceit-puppeteer/prod/csgo/5a9d3575-3094-4df2-bcca-589a4a8f2e64/5a9d3575-3094-4df2-bcca-589a4a8f2e64.dem.gz
1-48b21579-fd71-4ddb-84ba-72c669fd43a1,1535266529,https://s3.amazonaws.com/faceit-puppeteer/prod/csgo/bdb72552-0390-4817-99dd-5fbb91520616/bdb72552-0390-4817-99dd-5fbb91520616.dem.gz
1-12031bc1-3f48-469b-8c16-e73accacbc52,1535264113,https://s3.amazonaws.com/faceit-puppeteer/prod/csgo/03015057-766e-4af8-8023-4348031b0084/03015057-766e-4af8-8023-4348031b0084.dem.gz
1-c0d2fb88-fbbb-4311-a4e8-1b26f57395bc,1535260786,https://s3.amazonaws.com/faceit-puppeteer/prod/csgo/10772b26-12d1-4631-896a-456e418c9566/10772b26-12d1-4631-896a-456e418c9566.dem.gz
1-5b74c33e-cf2d-421c-8adf-dd32cd74dcae,1535256241,https://s3.amazonaws.com/faceit-puppeteer/prod/csgo/ece7ce66-241a-4490-9fd1-b94cd0c39076/ece7ce66-241a-4490-9fd1-b94cd0c39076.dem.gz
1-5093733a-a4f7-4947-ace8-3e60cac34426,1535252556,https://s3.amazonaws.com/faceit-puppeteer/prod/csgo/3e80ace1-95e0-4997-8084-61c40a12029c/3e80ace1-95e0-4997-8084-61c40a12029c.dem.gz
1-7326bec9-2e30-4286-a1d4-73e8c9c3f570,1535250152,https://s3.amazonaws.com/faceit-puppeteer/prod/csgo/0e3f9e84-739a-49ce-9b55-f1538ead924a/0e3f9e84-739a-49ce-9b55-f1538ead924a.dem.gz
1-96a104f4-3c9c-4729-8214-57aa069e90ff,1535246570,https://s3.amazonaws.com/faceit-puppeteer/prod/csgo/557428dd-deae-4677-be39-4f8b8424e773/557428dd-deae-4677-be39-4f8b8424e773.dem.gz
1-fadf2bbb-412e-458f-bd6a-7d1e0284627c,1535244174,https://s3.amazonaws.com/faceit-puppeteer/prod/csgo/95b59cb4-1c1f-47cb-ab78-be6709341074/95b59cb4-1c1f-47cb-ab78-be6709341074.dem.gz
1-93abfdca-bfe7-4638-8e9c-3f3a5ae9e930,1535242214,https://s3.amazonaws.com/faceit-puppeteer/prod/csgo/93801082-795a-4437-8018-8bfc9c95a5e4/93801082-795a-4437-8018-8bfc9c95a5e4.dem.gz
1-a7c20447-b457-4bdd-a7c1-5699ecbba237,1535185572,https://s3.amazonaws.com/faceit-puppeteer/prod/csgo/535003a7-8555-4a68-a4da-98454e2d35f4/535003a7-8555-4a68-a4da-98454e2d35f4.dem.gz
1-3338e607-33c2-4455-bdc9-e14babdfe3b4,1535183299,https://s3.amazonaws.com/faceit-puppeteer/prod/csgo/190df6af-7aeb-499b-9483-b2cbe7a4d4e3/190df6af-7aeb-499b-9483-b2cbe7a4d4e3.dem.gz
1-c97c80ed-e5ec-4d59-a766-e0de82f2b5ea,1535180898,https://s3.amazonaws.com/faceit-puppeteer/prod/csgo/4e4d3067-8d5a-43fe-9d87-99f365a1a77c/4e4d3067-8d5a-43fe-9d87-99f365a1a77c.dem.gz
1-78ffa015-1d85-406f-b36f-8ce44c839864,1535176199,https://s3.amazonaws.com/faceit-puppeteer/prod/csgo/78633327-c292-42ab-b831-3939ccc2d87d/78633327-c292-42ab-b831-3939ccc2d87d.dem.gz
1-40d58030-d9b1-4fdc-b410-c08a47081124,1535173321,https://s3.amazonaws.com/faceit-puppeteer/prod/csgo/7d6eb8bc-d398-4c3d-99c0-4ad72f601761/7d6eb8bc-d398-4c3d-99c0-4ad72f601761.dem.gz
1-ae5d8bed-bc5e-4d38-9584-00226b80143f,1535169710,https://s3.amazonaws.com/faceit-puppeteer/prod/csgo/c748fabd-c674-48d8-85c7-1e57be9a990c/c748fabd-c674-48d8-85c7-1e57be9a990c.dem.gz
1-95c1974f-7993-40ca-93ae-971395686113,1535167761,https://s3.amazonaws.com/faceit-puppeteer/prod/csgo/fb06180e-a6bd-44ec-9c85-35caf8ab56f4/fb06180e-a6bd-44ec-9c85-35caf8ab56f4.dem.gz
1-d9d7892c-44d6-4baa-ad0f-31474325c08b,1535165210,https://s3.amazonaws.com/faceit-puppeteer/prod/csgo/5b642c1d-d576-479c-9410-bbeb2e54597b/5b642c1d-d576-479c-9410-bbeb2e54597b.dem.gz
1-e22218ec-2cd4-461b-804b-c0ecd4979c17,1535162721,https://s3.amazonaws.com/faceit-puppeteer/prod/csgo/64e7aef6-e651-4df4-b37e-db5ac50e70bf/64e7aef6-e651-4df4-b37e-db5ac50e70bf.dem.gz
1-770e1d13-f59e-4157-9781-84d513f83d3d,1535095953,https://s3.amazonaws.com/faceit-puppeteer/prod/csgo/6800a5fc-d54a-46bf-b63d-6badb142c663/6800a5fc-d54a-46bf-b63d-6badb142c663.dem.gz
1-3c4d3a6c-a426-48cb-a3ac-c35352401ae7,1535089693,https://s3.amazonaws.com/faceit-puppeteer/prod/csgo/bceb5a23-813f-4679-ac6c-4bff252a88bb/bceb5a23-813f-4679-ac6c-4bff252a88bb.dem.gz
1-273c745b-69f2-4522-8e58-5fb1f4f2ef2b,1535088408,https://s3.amazonaws.com/faceit-puppeteer/prod/csgo/2bdb496f-91a1-4fc1-bd78-15a99d1ee50e/2bdb496f-91a1-4fc1-bd78-15a99d1ee50e.dem.gz
1-6c575638-4504-4c91-8762-10e1e6f9c6f4,1535087417,https://s3.amazonaws.com/faceit-puppeteer/prod/csgo/4a906dcc-b227-4a73-a265-62c7647e1d0b/4a906dcc-b227-4a73-a265-62c7647e1d0b.dem.gz
1-f4cbf25a-3bb0-4e47-8ee9-30ad69075648,1535085464,https://s3.amazonaws.com/faceit-puppeteer/prod/csgo/14dcd793-33ad-41de-b9c3-8f8b3d6e04d6/14dcd793-33ad-41de-b9c3-8f8b3d6e04d6.dem.gz
1-40177bd9-3c74-4ff7-aab3-88621de0f72f,1535084693,https://s3.amazonaws.com/faceit-puppeteer/prod/csgo/d08cc3ca-6cac-4428-ad89-fdd5bc48aad1/d08cc3ca-6cac-4428-ad89-fdd5bc48aad1.dem.gz
1-93433e42-daab-4b3a-8ab7-debeb57858c9,1535082470,https://s3.amazonaws.com/faceit-puppeteer/prod/csgo/27aab369-83c4-4e0a-8fd3-803122c2d8a3/27aab369-83c4-4e0a-8fd3-803122c2d8a3.dem.gz
1-7acaa876-8491-4d69-bdf8-1e2977d9e6f9,1535081586,https://s3.amazonaws.com/faceit-puppeteer/prod/csgo/b8cef8e8-723e-4f61-beb2-65d6719bbfb1/b8cef8e8-723e-4f61-beb2-65d6719bbfb1.dem.gz
1-761a9218-7ca2-4707-aa5d-9f545ac6b233,1535079248,https://s3.amazonaws.com/faceit-puppeteer/prod/csgo/7a597ce7-ee43-475c-ab28-d0ec97019ae1/7a597ce7-ee43-475c-ab28-d0ec97019ae1.dem.gz
1-aaa66872-60e4-431a-90b8-aa9b8bba0c92,1535076218,https://s3.amazonaws.com/faceit-puppeteer/prod/csgo/7a3e65db-0ea2-469d-a09e-09a6b25773ae/7a3e65db-0ea2-469d-a09e-09a6b25773ae.dem.gz
1-332b731a-50b2-4c68-9470-8432d68e4983,1535020513,https://s3.amazonaws.com/faceit-puppeteer/prod/csgo/4dbb4bee-0201-4b01-aa71-d52f95cc4d3e/4dbb4bee-0201-4b01-aa71-d52f95cc4d3e.dem.gz
1-79e806ce-983c-428a-a95e-2e7a0550ad99,1535018362,https://s3.amazonaws.com/faceit-puppeteer/prod/csgo/caa63d27-0f01-485f-8747-1104fd2ec4a3/caa63d27-0f01-485f-8747-1104fd2ec4a3.dem.gz
1-e429d266-f9aa-4c8c-880c-ae99e055d024,1535016186,https://s3.amazonaws.com/faceit-puppeteer/prod/csgo/09e9315b-ab48-4d5a-8f80-a896e65a971a/09e9315b-ab48-4d5a-8f80-a896e65a971a.dem.gz
1-8aa3dca7-bb9f-415e-b250-5d100e93bc49,1535014005,https://s3.amazonaws.com/faceit-puppeteer/prod/csgo/58885e05-ce99-4685-be77-d8c13ab98e03/58885e05-ce99-4685-be77-d8c13ab98e03.dem.gz
1-c7517793-8c3f-4c12-82ad-8fb37d943b96,1535011863,https://s3.amazonaws.com/faceit-puppeteer/prod/csgo/b3428d07-a51e-41f5-86a7-6d0ca5dd55ff/b3428d07-a51e-41f5-86a7-6d0ca5dd55ff.dem.gz
1-16fd5ff4-bda4-443e-bcf8-afdbdcec9c67,1535008963,https://s3.amazonaws.com/faceit-puppeteer/prod/csgo/910937f6-bdcd-41ab-a12e-e6b7712412c2/910937f6-bdcd-41ab-a12e-e6b7712412c2.dem.gz
1-4fd5be76-3322-4a46-a0ae-aaaa5c2d8919,1535005412,https://s3.amazonaws.com/faceit-puppeteer/prod/csgo/9f8196ee-c049-43ad-b35f-1b0fabf10d22/9f8196ee-c049-43ad-b35f-1b0fabf10d22.dem.gz
1-b42b69d9-8b35-43c3-9ae5-fee27fd27da0,1535002922,https://s3.amazonaws.com/faceit-puppeteer/prod/csgo/712c77fe-5fca-44a5-921a-f70696aa053b/712c77fe-5fca-44a5-921a-f70696aa053b.dem.gz
1-56bb9c81-4281-4370-a2b0-7f2dbf6f8fbe,1535001478,https://s3.amazonaws.com/faceit-puppeteer/prod/csgo/ab89d75f-2669-462d-bfc2-8624c5ee6f77/ab89d75f-2669-462d-bfc2-8624c5ee6f77.dem.gz
1-ec4e8d17-42a9-454e-a2a9-3ffc7dd4dd62,1535000863,https://s3.amazonaws.com/faceit-puppeteer/prod/csgo/4bbc3421-b2c7-4bca-83aa-abe8e21a21d5/4bbc3421-b2c7-4bca-83aa-abe8e21a21d5.dem.gz
1-976491f0-3c9a-4b1d-b067-c96d0b330c46,1534999015,https://s3.amazonaws.com/faceit-puppeteer/prod/csgo/9d13fe45-1475-4c67-a306-1e27b9806c68/9d13fe45-1475-4c67-a306-1e27b9806c68.dem.gz
1-86ee51d9-6fa5-4833-8fda-e26574886143,1534997424,https://s3.amazonaws.com/faceit-puppeteer/prod/csgo/7e0b44ca-3633-4ce8-ab75-5cfae1ec5bac/7e0b44ca-3633-4ce8-ab75-5cfae1ec5bac.dem.gz
1-ccda6de3-78c6-4f73-b5d8-d5d121a8f868,1534996267,https://s3.amazonaws.com/faceit-puppeteer/prod/csgo/adcb764c-fd42-4b89-b85c-46aae6bcd7f2/adcb764c-fd42-4b89-b85c-46aae6bcd7f2.dem.gz
1-c8b9cb82-c575-4e39-8787-3c0c76a4ce0f,1534993226,https://s3.amazonaws.com/faceit-puppeteer/prod/csgo/7c02636b-e6ca-4402-ad78-d88013921a19/7c02636b-e6ca-4402-ad78-d88013921a19.dem.gz
1-9ec1b64b-6093-4ce8-8827-b07a6f495a85,1534926547,https://s3.amazonaws.com/faceit-puppeteer/prod/csgo/94108361-6fd7-4b54-a74f-1bb68f677c4d/94108361-6fd7-4b54-a74f-1bb68f677c4d.dem.gz
1-e62dcb46-ed08-4da2-82e4-a9a880cb94f5,1534922963,https://s3.amazonaws.com/faceit-puppeteer/prod/csgo/d44b3879-274c-4c1c-a778-23d2e3c03a5c/d44b3879-274c-4c1c-a778-23d2e3c03a5c.dem.gz
1-28e8b512-d38d-406e-826d-fdef82b0b63a,1534920702,https://s3.amazonaws.com/faceit-puppeteer/prod/csgo/de7c8ec6-4606-44a2-b0fe-f13e90f11dce/de7c8ec6-4606-44a2-b0fe-f13e90f11dce.dem.gz
1-67029bdd-7985-402c-90a2-3b7d0c248df1,1534920069,https://s3.amazonaws.com/faceit-puppeteer/prod/csgo/5f7fe535-ad80-4319-adcd-814f01998fbb/5f7fe535-ad80-4319-adcd-814f01998fbb.dem.gz
1-bafba281-26a8-47f9-a29f-b1c5a6d61226,1534918503,https://s3.amazonaws.com/faceit-puppeteer/prod/csgo/1589a99b-4b80-41c3-aef2-a91ef79ba75f/1589a99b-4b80-41c3-aef2-a91ef79ba75f.dem.gz
1-3dea0cc5-08b1-498e-92cc-1ec98c138ed2,1534916947,https://s3.amazonaws.com/faceit-puppeteer/prod/csgo/3dfe34d7-b709-482c-aaba-786de4965cda/3dfe34d7-b709-482c-aaba-786de4965cda.dem.gz
1-688df0c9-7465-4c3c-8550-f3228836856d,1534915981,https://s3.amazonaws.com/faceit-puppeteer/prod/csgo/25d17227-a973-49f8-855f-0c97ed414bfa/25d17227-a973-49f8-855f-0c97ed414bfa.dem.gz
1-9604a742-33ff-4ddf-9190-02cd5a1f7c61,1534913470,https://s3.amazonaws.com/faceit-puppeteer/prod/csgo/99a8405b-4f09-44b4-9610-76715ffd1b04/99a8405b-4f09-44b4-9610-76715ffd1b04.dem.gz
1-a993208d-a665-4cf0-acc8-345cbc1a55a7,1534910712,https://s3.amazonaws.com/faceit-puppeteer/prod/csgo/c9dc570b-2951-45ee-bc7c-edfb77727687/c9dc570b-2951-45ee-bc7c-edfb77727687.dem.gz
1-1d5abdc7-7560-4216-bba1-7827b59014c5,1534908100,https://s3.amazonaws.com/faceit-puppeteer/prod/csgo/ce56a973-cd74-4b7c-a2c9-c983ef281e7a/ce56a973-cd74-4b7c-a2c9-c983ef281e7a.dem.gz
1-a01c0f80-3862-42b6-a9b8-bf70615b87fb,1534905753,https://s3.amazonaws.com/faceit-puppeteer/prod/csgo/9b1954e7-a500-4b61-999f-91861721120d/9b1954e7-a500-4b61-999f-91861721120d.dem.gz
1-73528f83-64d9-4dd9-a315-14565a5c9326,1534902751,https://s3.amazonaws.com/faceit-puppeteer/prod/csgo/7b19bcda-9193-438c-a4c6-469344eff651/7b19bcda-9193-438c-a4c6-469344eff651.dem.gz
1-93de5b7c-7487-4627-9af1-dd039e97f402,1534844060,https://s3.amazonaws.com/faceit-puppeteer/prod/csgo/da7286db-481d-4ea2-af0c-2db2acf35f0a/da7286db-481d-4ea2-af0c-2db2acf35f0a.dem.gz
